plate_07601,plate_07601.npy
plate_06383,plate_06383.npy
plate_02545,plate_02545.npy
plate_01427,plate_01427.npy
plate_00749,plate_00749.npy
plate_07123,plate_07123.npy
plate_04521,plate_04521.npy
plate_07790,plate_07790.npy
plate_09816,plate_09816.npy
plate_08580,plate_08580.npy
plate_00884,plate_00884.npy
plate_06003,plate_06003.npy
plate_09909,plate_09909.npy
plate_06308,plate_06308.npy
plate_00786,plate_00786.npy
plate_01540,plate_01540.npy
plate_02610,plate_02610.npy
plate_09481,plate_09481.npy
plate_07157,plate_07157.npy
plate_03363,plate_03363.npy
plate_05062,plate_05062.npy
plate_03949,plate_03949.npy
plate_03657,plate_03657.npy
plate_07413,plate_07413.npy
plate_02419,plate_02419.npy
plate_08148,plate_08148.npy
plate_07568,plate_07568.npy
plate_00550,plate_00550.npy
plate_02913,plate_02913.npy
plate_00200,plate_00200.npy
plate_05693,plate_05693.npy
plate_01828,plate_01828.npy
plate_01794,plate_01794.npy
plate_09709,plate_09709.npy
plate_03965,plate_03965.npy
plate_02386,plate_02386.npy
plate_03185,plate_03185.npy
plate_06148,plate_06148.npy
plate_08876,plate_08876.npy
plate_01566,plate_01566.npy
plate_05057,plate_05057.npy
plate_08775,plate_08775.npy
plate_00892,plate_00892.npy
plate_07627,plate_07627.npy
plate_05755,plate_05755.npy
plate_08697,plate_08697.npy
plate_08411,plate_08411.npy
plate_01518,plate_01518.npy
plate_01203,plate_01203.npy
plate_08109,plate_08109.npy
plate_07017,plate_07017.npy
plate_08145,plate_08145.npy
plate_05752,plate_05752.npy
plate_05951,plate_05951.npy
plate_08102,plate_08102.npy
plate_05565,plate_05565.npy
plate_07906,plate_07906.npy
plate_02076,plate_02076.npy
plate_07759,plate_07759.npy
plate_06035,plate_06035.npy
plate_09161,plate_09161.npy
plate_09204,plate_09204.npy
plate_00538,plate_00538.npy
plate_03568,plate_03568.npy
plate_06029,plate_06029.npy
plate_08518,plate_08518.npy
plate_05065,plate_05065.npy
plate_02370,plate_02370.npy
plate_01016,plate_01016.npy
plate_06965,plate_06965.npy
plate_01949,plate_01949.npy
plate_03609,plate_03609.npy
plate_07560,plate_07560.npy
plate_06024,plate_06024.npy
plate_06013,plate_06013.npy
plate_01982,plate_01982.npy
plate_06344,plate_06344.npy
plate_09475,plate_09475.npy
plate_01291,plate_01291.npy
plate_05236,plate_05236.npy
plate_05520,plate_05520.npy
plate_01802,plate_01802.npy
plate_00961,plate_00961.npy
plate_08754,plate_08754.npy
plate_09621,plate_09621.npy
plate_07016,plate_07016.npy
plate_08038,plate_08038.npy
plate_05931,plate_05931.npy
plate_02140,plate_02140.npy
plate_07880,plate_07880.npy
plate_02991,plate_02991.npy
plate_09049,plate_09049.npy
plate_07002,plate_07002.npy
plate_01818,plate_01818.npy
plate_06988,plate_06988.npy
plate_03369,plate_03369.npy
plate_01339,plate_01339.npy
plate_05754,plate_05754.npy
plate_01494,plate_01494.npy
plate_00158,plate_00158.npy
plate_05328,plate_05328.npy
plate_02553,plate_02553.npy
plate_00155,plate_00155.npy
plate_05594,plate_05594.npy
plate_08619,plate_08619.npy
plate_00729,plate_00729.npy
plate_02771,plate_02771.npy
plate_07902,plate_07902.npy
plate_03134,plate_03134.npy
plate_05021,plate_05021.npy
plate_08178,plate_08178.npy
plate_00956,plate_00956.npy
plate_01370,plate_01370.npy
plate_03377,plate_03377.npy
plate_03452,plate_03452.npy
plate_02555,plate_02555.npy
plate_04788,plate_04788.npy
plate_03407,plate_03407.npy
plate_02185,plate_02185.npy
plate_03868,plate_03868.npy
plate_03415,plate_03415.npy
plate_00678,plate_00678.npy
plate_07498,plate_07498.npy
plate_08219,plate_08219.npy
plate_05390,plate_05390.npy
plate_03047,plate_03047.npy
plate_05045,plate_05045.npy
plate_08707,plate_08707.npy
plate_00578,plate_00578.npy
plate_04101,plate_04101.npy
plate_09517,plate_09517.npy
plate_08947,plate_08947.npy
plate_04469,plate_04469.npy
plate_08336,plate_08336.npy
plate_04130,plate_04130.npy
plate_03798,plate_03798.npy
plate_09440,plate_09440.npy
plate_01983,plate_01983.npy
plate_06744,plate_06744.npy
plate_05696,plate_05696.npy
plate_00556,plate_00556.npy
plate_01169,plate_01169.npy
plate_00734,plate_00734.npy
plate_00919,plate_00919.npy
plate_06298,plate_06298.npy
plate_02040,plate_02040.npy
plate_01083,plate_01083.npy
plate_04193,plate_04193.npy
plate_05438,plate_05438.npy
plate_05506,plate_05506.npy
plate_01664,plate_01664.npy
plate_04753,plate_04753.npy
plate_07104,plate_07104.npy
plate_02577,plate_02577.npy
plate_08417,plate_08417.npy
plate_07857,plate_07857.npy
plate_08298,plate_08298.npy
plate_03451,plate_03451.npy
plate_02674,plate_02674.npy
plate_04341,plate_04341.npy
plate_06945,plate_06945.npy
plate_01470,plate_01470.npy
plate_08690,plate_08690.npy
plate_02789,plate_02789.npy
plate_05741,plate_05741.npy
plate_05772,plate_05772.npy
plate_00880,plate_00880.npy
plate_09639,plate_09639.npy
plate_00034,plate_00034.npy
plate_03281,plate_03281.npy
plate_03211,plate_03211.npy
plate_05029,plate_05029.npy
plate_02495,plate_02495.npy
plate_09740,plate_09740.npy
plate_02371,plate_02371.npy
plate_08983,plate_08983.npy
plate_09798,plate_09798.npy
plate_02055,plate_02055.npy
plate_08192,plate_08192.npy
plate_04913,plate_04913.npy
plate_05992,plate_05992.npy
plate_07285,plate_07285.npy
plate_04223,plate_04223.npy
plate_04439,plate_04439.npy
plate_08365,plate_08365.npy
plate_03663,plate_03663.npy
plate_00517,plate_00517.npy
plate_06719,plate_06719.npy
plate_05060,plate_05060.npy
plate_03861,plate_03861.npy
plate_08127,plate_08127.npy
plate_06711,plate_06711.npy
plate_02105,plate_02105.npy
plate_09674,plate_09674.npy
plate_00226,plate_00226.npy
plate_06956,plate_06956.npy
plate_08368,plate_08368.npy
plate_07274,plate_07274.npy
plate_09109,plate_09109.npy
plate_03905,plate_03905.npy
plate_02079,plate_02079.npy
plate_00031,plate_00031.npy
plate_03601,plate_03601.npy
plate_01098,plate_01098.npy
plate_05713,plate_05713.npy
plate_01270,plate_01270.npy
plate_00289,plate_00289.npy
plate_04395,plate_04395.npy
plate_09602,plate_09602.npy
plate_00489,plate_00489.npy
plate_06794,plate_06794.npy
plate_00270,plate_00270.npy
plate_01064,plate_01064.npy
plate_03921,plate_03921.npy
plate_00363,plate_00363.npy
plate_00674,plate_00674.npy
plate_08455,plate_08455.npy
plate_04158,plate_04158.npy
plate_02953,plate_02953.npy
plate_08868,plate_08868.npy
plate_07665,plate_07665.npy
plate_09988,plate_09988.npy
plate_07883,plate_07883.npy
plate_06643,plate_06643.npy
plate_08740,plate_08740.npy
plate_08291,plate_08291.npy
plate_09574,plate_09574.npy
plate_03800,plate_03800.npy
plate_07971,plate_07971.npy
plate_01896,plate_01896.npy
plate_02873,plate_02873.npy
plate_09658,plate_09658.npy
plate_09191,plate_09191.npy
plate_02882,plate_02882.npy
plate_05532,plate_05532.npy
plate_06792,plate_06792.npy
plate_07791,plate_07791.npy
plate_02392,plate_02392.npy
plate_09830,plate_09830.npy
plate_06286,plate_06286.npy
plate_02072,plate_02072.npy
plate_02175,plate_02175.npy
plate_06540,plate_06540.npy
plate_01068,plate_01068.npy
plate_01920,plate_01920.npy
plate_05480,plate_05480.npy
plate_04610,plate_04610.npy
plate_09650,plate_09650.npy
plate_07006,plate_07006.npy
plate_00052,plate_00052.npy
plate_08786,plate_08786.npy
plate_05940,plate_05940.npy
plate_00109,plate_00109.npy
plate_02845,plate_02845.npy
plate_08016,plate_08016.npy
plate_09112,plate_09112.npy
plate_08781,plate_08781.npy
plate_00407,plate_00407.npy
plate_06231,plate_06231.npy
plate_04627,plate_04627.npy
plate_04299,plate_04299.npy
plate_00197,plate_00197.npy
plate_09946,plate_09946.npy
plate_01520,plate_01520.npy
plate_09162,plate_09162.npy
plate_06410,plate_06410.npy
plate_03621,plate_03621.npy
plate_08402,plate_08402.npy
plate_03659,plate_03659.npy
plate_00297,plate_00297.npy
plate_09387,plate_09387.npy
plate_04813,plate_04813.npy
plate_00945,plate_00945.npy
plate_09496,plate_09496.npy
plate_01519,plate_01519.npy
plate_06094,plate_06094.npy
plate_00672,plate_00672.npy
plate_06189,plate_06189.npy
plate_00941,plate_00941.npy
plate_05633,plate_05633.npy
plate_05015,plate_05015.npy
plate_02574,plate_02574.npy
plate_03454,plate_03454.npy
plate_02479,plate_02479.npy
plate_09532,plate_09532.npy
plate_00871,plate_00871.npy
plate_01305,plate_01305.npy
plate_09902,plate_09902.npy
plate_05907,plate_05907.npy
plate_08419,plate_08419.npy
plate_03417,plate_03417.npy
plate_00545,plate_00545.npy
plate_03932,plate_03932.npy
plate_07715,plate_07715.npy
plate_03078,plate_03078.npy
plate_06172,plate_06172.npy
plate_01286,plate_01286.npy
plate_02046,plate_02046.npy
plate_05129,plate_05129.npy
plate_07148,plate_07148.npy
plate_04578,plate_04578.npy
plate_07982,plate_07982.npy
plate_05964,plate_05964.npy
plate_04932,plate_04932.npy
plate_07922,plate_07922.npy
plate_02960,plate_02960.npy
plate_00370,plate_00370.npy
plate_01363,plate_01363.npy
plate_09785,plate_09785.npy
plate_01727,plate_01727.npy
plate_03689,plate_03689.npy
plate_02665,plate_02665.npy
plate_05893,plate_05893.npy
plate_03865,plate_03865.npy
plate_01027,plate_01027.npy
plate_02858,plate_02858.npy
plate_08307,plate_08307.npy
plate_06456,plate_06456.npy
plate_05600,plate_05600.npy
plate_07381,plate_07381.npy
plate_00755,plate_00755.npy
plate_01096,plate_01096.npy
plate_01110,plate_01110.npy
plate_05041,plate_05041.npy
plate_06291,plate_06291.npy
plate_02827,plate_02827.npy
plate_02207,plate_02207.npy
plate_04216,plate_04216.npy
plate_02078,plate_02078.npy
plate_02351,plate_02351.npy
plate_00183,plate_00183.npy
plate_07896,plate_07896.npy
plate_03717,plate_03717.npy
plate_07315,plate_07315.npy
plate_08154,plate_08154.npy
plate_07238,plate_07238.npy
plate_03923,plate_03923.npy
plate_08163,plate_08163.npy
plate_07669,plate_07669.npy
plate_06867,plate_06867.npy
plate_01604,plate_01604.npy
plate_05050,plate_05050.npy
plate_01094,plate_01094.npy
plate_09509,plate_09509.npy
plate_04138,plate_04138.npy
plate_04868,plate_04868.npy
plate_07523,plate_07523.npy
plate_01464,plate_01464.npy
plate_04789,plate_04789.npy
plate_00066,plate_00066.npy
plate_00404,plate_00404.npy
plate_01276,plate_01276.npy
plate_07843,plate_07843.npy
plate_09015,plate_09015.npy
plate_06279,plate_06279.npy
plate_06986,plate_06986.npy
plate_07172,plate_07172.npy
plate_07472,plate_07472.npy
plate_06388,plate_06388.npy
plate_03501,plate_03501.npy
plate_02730,plate_02730.npy
plate_07200,plate_07200.npy
plate_07462,plate_07462.npy
plate_01524,plate_01524.npy
plate_04599,plate_04599.npy
plate_01547,plate_01547.npy
plate_00803,plate_00803.npy
plate_02615,plate_02615.npy
plate_00057,plate_00057.npy
plate_01590,plate_01590.npy
plate_07388,plate_07388.npy
plate_04036,plate_04036.npy
plate_09563,plate_09563.npy
plate_05117,plate_05117.npy
plate_05533,plate_05533.npy
plate_09666,plate_09666.npy
plate_07960,plate_07960.npy
plate_09279,plate_09279.npy
plate_08175,plate_08175.npy
plate_03917,plate_03917.npy
plate_04867,plate_04867.npy
plate_09497,plate_09497.npy
plate_09125,plate_09125.npy
plate_01395,plate_01395.npy
plate_03548,plate_03548.npy
plate_04222,plate_04222.npy
plate_06703,plate_06703.npy
plate_01785,plate_01785.npy
plate_05972,plate_05972.npy
plate_07269,plate_07269.npy
plate_07834,plate_07834.npy
plate_01350,plate_01350.npy
plate_09954,plate_09954.npy
plate_08177,plate_08177.npy
plate_08972,plate_08972.npy
plate_00006,plate_00006.npy
plate_07559,plate_07559.npy
plate_04098,plate_04098.npy
plate_02198,plate_02198.npy
plate_00307,plate_00307.npy
plate_06088,plate_06088.npy
plate_06382,plate_06382.npy
plate_00772,plate_00772.npy
plate_09872,plate_09872.npy
plate_07630,plate_07630.npy
plate_06841,plate_06841.npy
plate_03056,plate_03056.npy
plate_09791,plate_09791.npy
plate_02643,plate_02643.npy
plate_08287,plate_08287.npy
plate_07779,plate_07779.npy
plate_02589,plate_02589.npy
plate_02880,plate_02880.npy
plate_03436,plate_03436.npy
plate_02385,plate_02385.npy
plate_07033,plate_07033.npy
plate_05341,plate_05341.npy
plate_01503,plate_01503.npy
plate_09253,plate_09253.npy
plate_08422,plate_08422.npy
plate_00093,plate_00093.npy
plate_04420,plate_04420.npy
plate_09305,plate_09305.npy
plate_00870,plate_00870.npy
plate_06092,plate_06092.npy
plate_02919,plate_02919.npy
plate_03885,plate_03885.npy
plate_02786,plate_02786.npy
plate_08395,plate_08395.npy
plate_02869,plate_02869.npy
plate_06462,plate_06462.npy
plate_04459,plate_04459.npy
plate_07452,plate_07452.npy
plate_06243,plate_06243.npy
plate_08720,plate_08720.npy
plate_05435,plate_05435.npy
plate_05916,plate_05916.npy
plate_05200,plate_05200.npy
plate_09087,plate_09087.npy
plate_01304,plate_01304.npy
plate_02125,plate_02125.npy
plate_09446,plate_09446.npy
plate_04858,plate_04858.npy
plate_03866,plate_03866.npy
plate_06504,plate_06504.npy
plate_08302,plate_08302.npy
plate_04713,plate_04713.npy
plate_08392,plate_08392.npy
plate_08490,plate_08490.npy
plate_05655,plate_05655.npy
plate_00700,plate_00700.npy
plate_07955,plate_07955.npy
plate_04787,plate_04787.npy
plate_04805,plate_04805.npy
plate_03607,plate_03607.npy
plate_05982,plate_05982.npy
plate_06984,plate_06984.npy
plate_05721,plate_05721.npy
plate_04767,plate_04767.npy
plate_05542,plate_05542.npy
plate_04363,plate_04363.npy
plate_01529,plate_01529.npy
plate_06651,plate_06651.npy
plate_03379,plate_03379.npy
plate_05694,plate_05694.npy
plate_08943,plate_08943.npy
plate_09418,plate_09418.npy
plate_06192,plate_06192.npy
plate_09626,plate_09626.npy
plate_07499,plate_07499.npy
plate_01216,plate_01216.npy
plate_06117,plate_06117.npy
plate_03304,plate_03304.npy
plate_04096,plate_04096.npy
plate_04264,plate_04264.npy
plate_04271,plate_04271.npy
plate_08836,plate_08836.npy
plate_04074,plate_04074.npy
plate_08771,plate_08771.npy
plate_07626,plate_07626.npy
plate_06001,plate_06001.npy
plate_04405,plate_04405.npy
plate_00275,plate_00275.npy
plate_06338,plate_06338.npy
plate_03806,plate_03806.npy
plate_03853,plate_03853.npy
plate_07613,plate_07613.npy
plate_05805,plate_05805.npy
plate_08528,plate_08528.npy
plate_06284,plate_06284.npy
plate_03974,plate_03974.npy
plate_03173,plate_03173.npy
plate_09207,plate_09207.npy
plate_04055,plate_04055.npy
plate_02011,plate_02011.npy
plate_01288,plate_01288.npy
plate_00224,plate_00224.npy
plate_00313,plate_00313.npy
plate_09601,plate_09601.npy
plate_02951,plate_02951.npy
plate_04077,plate_04077.npy
plate_07583,plate_07583.npy
plate_05775,plate_05775.npy
plate_02716,plate_02716.npy
plate_03622,plate_03622.npy
plate_01960,plate_01960.npy
plate_06702,plate_06702.npy
plate_07813,plate_07813.npy
plate_04523,plate_04523.npy
plate_04250,plate_04250.npy
plate_00953,plate_00953.npy
plate_09997,plate_09997.npy
plate_00834,plate_00834.npy
plate_00762,plate_00762.npy
plate_02379,plate_02379.npy
plate_06569,plate_06569.npy
plate_07329,plate_07329.npy
plate_06731,plate_06731.npy
plate_02291,plate_02291.npy
plate_06677,plate_06677.npy
plate_04148,plate_04148.npy
plate_07304,plate_07304.npy
plate_04740,plate_04740.npy
plate_09966,plate_09966.npy
plate_09267,plate_09267.npy
plate_08796,plate_08796.npy
plate_00276,plate_00276.npy
plate_02465,plate_02465.npy
plate_08347,plate_08347.npy
plate_08884,plate_08884.npy
plate_08319,plate_08319.npy
plate_09406,plate_09406.npy
plate_03683,plate_03683.npy
plate_01287,plate_01287.npy
plate_03805,plate_03805.npy
plate_06328,plate_06328.npy
plate_03666,plate_03666.npy
plate_06762,plate_06762.npy
plate_04683,plate_04683.npy
plate_05076,plate_05076.npy
plate_00897,plate_00897.npy
plate_07331,plate_07331.npy
plate_01244,plate_01244.npy
plate_06494,plate_06494.npy
plate_09805,plate_09805.npy
plate_02572,plate_02572.npy
plate_04838,plate_04838.npy
plate_04269,plate_04269.npy
plate_05078,plate_05078.npy
plate_09416,plate_09416.npy
plate_06632,plate_06632.npy
plate_06727,plate_06727.npy
plate_02967,plate_02967.npy
plate_01147,plate_01147.npy
plate_03803,plate_03803.npy
plate_01712,plate_01712.npy
plate_00030,plate_00030.npy
plate_07897,plate_07897.npy
plate_07942,plate_07942.npy
plate_00712,plate_00712.npy
plate_00562,plate_00562.npy
plate_00646,plate_00646.npy
plate_02029,plate_02029.npy
plate_08479,plate_08479.npy
plate_06923,plate_06923.npy
plate_05171,plate_05171.npy
plate_02541,plate_02541.npy
plate_06823,plate_06823.npy
plate_06447,plate_06447.npy
plate_01294,plate_01294.npy
plate_09659,plate_09659.npy
plate_02481,plate_02481.npy
plate_02447,plate_02447.npy
plate_08877,plate_08877.npy
plate_03851,plate_03851.npy
plate_09780,plate_09780.npy
plate_01053,plate_01053.npy
plate_04804,plate_04804.npy
plate_03573,plate_03573.npy
plate_04462,plate_04462.npy
plate_06435,plate_06435.npy
plate_07917,plate_07917.npy
plate_04056,plate_04056.npy
plate_07590,plate_07590.npy
plate_08364,plate_08364.npy
plate_04974,plate_04974.npy
plate_03299,plate_03299.npy
plate_06588,plate_06588.npy
plate_03387,plate_03387.npy
plate_07778,plate_07778.npy
plate_08849,plate_08849.npy
plate_01607,plate_01607.npy
plate_05253,plate_05253.npy
plate_04981,plate_04981.npy
plate_08938,plate_08938.npy
plate_09491,plate_09491.npy
plate_03287,plate_03287.npy
plate_02335,plate_02335.npy
plate_08138,plate_08138.npy
plate_02217,plate_02217.npy
plate_01951,plate_01951.npy
plate_06155,plate_06155.npy
plate_03492,plate_03492.npy
plate_07866,plate_07866.npy
plate_03342,plate_03342.npy
plate_07325,plate_07325.npy
plate_08507,plate_08507.npy
plate_06955,plate_06955.npy
plate_05265,plate_05265.npy
plate_08390,plate_08390.npy
plate_00498,plate_00498.npy
plate_09663,plate_09663.npy
plate_00417,plate_00417.npy
plate_09795,plate_09795.npy
plate_06883,plate_06883.npy
plate_00043,plate_00043.npy
plate_02903,plate_02903.npy
plate_09394,plate_09394.npy
plate_09741,plate_09741.npy
plate_06489,plate_06489.npy
plate_01282,plate_01282.npy
plate_07818,plate_07818.npy
plate_00902,plate_00902.npy
plate_02611,plate_02611.npy
plate_04679,plate_04679.npy
plate_08820,plate_08820.npy
plate_02182,plate_02182.npy
plate_01510,plate_01510.npy
plate_08646,plate_08646.npy
plate_03172,plate_03172.npy
plate_07684,plate_07684.npy
plate_03889,plate_03889.npy
plate_09744,plate_09744.npy
plate_08235,plate_08235.npy
plate_00149,plate_00149.npy
plate_02241,plate_02241.npy
plate_03495,plate_03495.npy
plate_06384,plate_06384.npy
plate_01227,plate_01227.npy
plate_01636,plate_01636.npy
plate_01587,plate_01587.npy
plate_03057,plate_03057.npy
plate_06322,plate_06322.npy
plate_09908,plate_09908.npy
plate_08937,plate_08937.npy
plate_06645,plate_06645.npy
plate_08587,plate_08587.npy
plate_02535,plate_02535.npy
plate_08429,plate_08429.npy
plate_02455,plate_02455.npy
plate_07784,plate_07784.npy
plate_00160,plate_00160.npy
plate_05411,plate_05411.npy
plate_07316,plate_07316.npy
plate_00303,plate_00303.npy
plate_00665,plate_00665.npy
plate_08520,plate_08520.npy
plate_01103,plate_01103.npy
plate_06707,plate_06707.npy
plate_07163,plate_07163.npy
plate_03832,plate_03832.npy
plate_09550,plate_09550.npy
plate_08098,plate_08098.npy
plate_07029,plate_07029.npy
plate_08166,plate_08166.npy
plate_00929,plate_00929.npy
plate_07113,plate_07113.npy
plate_02154,plate_02154.npy
plate_08731,plate_08731.npy
plate_05026,plate_05026.npy
plate_01155,plate_01155.npy
plate_01581,plate_01581.npy
plate_00078,plate_00078.npy
plate_00660,plate_00660.npy
plate_03623,plate_03623.npy
plate_04347,plate_04347.npy
plate_05251,plate_05251.npy
plate_07318,plate_07318.npy
plate_09513,plate_09513.npy
plate_05545,plate_05545.npy
plate_09141,plate_09141.npy
plate_05368,plate_05368.npy
plate_06083,plate_06083.npy
plate_08064,plate_08064.npy
plate_01747,plate_01747.npy
plate_05919,plate_05919.npy
plate_06006,plate_06006.npy
plate_04811,plate_04811.npy
plate_06136,plate_06136.npy
plate_04197,plate_04197.npy
plate_05285,plate_05285.npy
plate_05815,plate_05815.npy
plate_08382,plate_08382.npy
plate_07520,plate_07520.npy
plate_02151,plate_02151.npy
plate_03745,plate_03745.npy
plate_09237,plate_09237.npy
plate_09031,plate_09031.npy
plate_08956,plate_08956.npy
plate_02306,plate_02306.npy
plate_03604,plate_03604.npy
plate_07220,plate_07220.npy
plate_07733,plate_07733.npy
plate_07144,plate_07144.npy
plate_05803,plate_05803.npy
plate_06182,plate_06182.npy
plate_03102,plate_03102.npy
plate_06414,plate_06414.npy
plate_09564,plate_09564.npy
plate_06034,plate_06034.npy
plate_00139,plate_00139.npy
plate_09652,plate_09652.npy
plate_01864,plate_01864.npy
plate_03269,plate_03269.npy
plate_04793,plate_04793.npy
plate_09594,plate_09594.npy
plate_05785,plate_05785.npy
plate_02413,plate_02413.npy
plate_06888,plate_06888.npy
plate_02290,plate_02290.npy
plate_05485,plate_05485.npy
plate_02071,plate_02071.npy
plate_04418,plate_04418.npy
plate_04831,plate_04831.npy
plate_05894,plate_05894.npy
plate_01722,plate_01722.npy
plate_08891,plate_08891.npy
plate_02977,plate_02977.npy
plate_00001,plate_00001.npy
plate_02532,plate_02532.npy
plate_04988,plate_04988.npy
plate_01625,plate_01625.npy
plate_02322,plate_02322.npy
plate_02859,plate_02859.npy
plate_01997,plate_01997.npy
plate_01285,plate_01285.npy
plate_02141,plate_02141.npy
plate_05496,plate_05496.npy
plate_01369,plate_01369.npy
plate_06505,plate_06505.npy
plate_06580,plate_06580.npy
plate_07806,plate_07806.npy
plate_07903,plate_07903.npy
plate_08266,plate_08266.npy
plate_08935,plate_08935.npy
plate_02861,plate_02861.npy
plate_03089,plate_03089.npy
plate_06399,plate_06399.npy
plate_08424,plate_08424.npy
plate_03177,plate_03177.npy
plate_08857,plate_08857.npy
plate_02052,plate_02052.npy
plate_08722,plate_08722.npy
plate_08086,plate_08086.npy
plate_04914,plate_04914.npy
plate_07482,plate_07482.npy
plate_06209,plate_06209.npy
plate_01961,plate_01961.npy
plate_09941,plate_09941.npy
plate_01451,plate_01451.npy
plate_06337,plate_06337.npy
plate_02402,plate_02402.npy
plate_08193,plate_08193.npy
plate_02659,plate_02659.npy
plate_00494,plate_00494.npy
plate_02809,plate_02809.npy
plate_05767,plate_05767.npy
plate_02885,plate_02885.npy
plate_09938,plate_09938.npy
plate_06776,plate_06776.npy
plate_06423,plate_06423.npy
plate_05182,plate_05182.npy
plate_08696,plate_08696.npy
plate_00129,plate_00129.npy
plate_02892,plate_02892.npy
plate_06265,plate_06265.npy
plate_03747,plate_03747.npy
plate_05688,plate_05688.npy
plate_04325,plate_04325.npy
plate_08885,plate_08885.npy
plate_02617,plate_02617.npy
plate_07038,plate_07038.npy
plate_04336,plate_04336.npy
plate_01458,plate_01458.npy
plate_03461,plate_03461.npy
plate_02041,plate_02041.npy
plate_07931,plate_07931.npy
plate_03938,plate_03938.npy
plate_09682,plate_09682.npy
plate_01333,plate_01333.npy
plate_09644,plate_09644.npy
plate_09815,plate_09815.npy
plate_01707,plate_01707.npy
plate_02915,plate_02915.npy
plate_04200,plate_04200.npy
plate_05897,plate_05897.npy
plate_05763,plate_05763.npy
plate_00861,plate_00861.npy
plate_01382,plate_01382.npy
plate_02363,plate_02363.npy
plate_02739,plate_02739.npy
plate_04390,plate_04390.npy
plate_03730,plate_03730.npy
plate_08096,plate_08096.npy
plate_08637,plate_08637.npy
plate_08616,plate_08616.npy
plate_00909,plate_00909.npy
plate_07278,plate_07278.npy
plate_09088,plate_09088.npy
plate_07454,plate_07454.npy
plate_04424,plate_04424.npy
plate_00654,plate_00654.npy
plate_02002,plate_02002.npy
plate_06678,plate_06678.npy
plate_02675,plate_02675.npy
plate_01320,plate_01320.npy
plate_09683,plate_09683.npy
plate_08681,plate_08681.npy
plate_08331,plate_08331.npy
plate_02557,plate_02557.npy
plate_09875,plate_09875.npy
plate_04165,plate_04165.npy
plate_04123,plate_04123.npy
plate_08173,plate_08173.npy
plate_05872,plate_05872.npy
plate_00097,plate_00097.npy
plate_04003,plate_04003.npy
plate_09514,plate_09514.npy
plate_06276,plate_06276.npy
plate_09696,plate_09696.npy
plate_02054,plate_02054.npy
plate_06248,plate_06248.npy
plate_06751,plate_06751.npy
plate_02473,plate_02473.npy
plate_00464,plate_00464.npy
plate_09134,plate_09134.npy
plate_07065,plate_07065.npy
plate_06097,plate_06097.npy
plate_08236,plate_08236.npy
plate_04039,plate_04039.npy
plate_08150,plate_08150.npy
plate_06022,plate_06022.npy
plate_08653,plate_08653.npy
plate_00689,plate_00689.npy
plate_00800,plate_00800.npy
plate_00948,plate_00948.npy
plate_01855,plate_01855.npy
plate_09479,plate_09479.npy
plate_02745,plate_02745.npy
plate_01671,plate_01671.npy
plate_02124,plate_02124.npy
plate_06354,plate_06354.npy
plate_07515,plate_07515.npy
plate_01189,plate_01189.npy
plate_09903,plate_09903.npy
plate_01740,plate_01740.npy
plate_07385,plate_07385.npy
plate_09249,plate_09249.npy
plate_07850,plate_07850.npy
plate_07271,plate_07271.npy
plate_07464,plate_07464.npy
plate_01463,plate_01463.npy
plate_06652,plate_06652.npy
plate_01431,plate_01431.npy
plate_07717,plate_07717.npy
plate_02394,plate_02394.npy
plate_02819,plate_02819.npy
plate_07297,plate_07297.npy
plate_03168,plate_03168.npy
plate_08955,plate_08955.npy
plate_08187,plate_08187.npy
plate_01044,plate_01044.npy
plate_02814,plate_02814.npy
plate_01680,plate_01680.npy
plate_02931,plate_02931.npy
plate_04554,plate_04554.npy
plate_02700,plate_02700.npy
plate_01200,plate_01200.npy
plate_05113,plate_05113.npy
plate_01132,plate_01132.npy
plate_02321,plate_02321.npy
plate_06866,plate_06866.npy
plate_06780,plate_06780.npy
plate_03162,plate_03162.npy
plate_09052,plate_09052.npy
plate_02407,plate_02407.npy
plate_00954,plate_00954.npy
plate_02893,plate_02893.npy
plate_05239,plate_05239.npy
plate_02435,plate_02435.npy
plate_06581,plate_06581.npy
plate_07461,plate_07461.npy
plate_01575,plate_01575.npy
plate_00102,plate_00102.npy
plate_04188,plate_04188.npy
plate_03403,plate_03403.npy
plate_00144,plate_00144.npy
plate_08635,plate_08635.npy
plate_03266,plate_03266.npy
plate_00008,plate_00008.npy
plate_06079,plate_06079.npy
plate_05351,plate_05351.npy
plate_08712,plate_08712.npy
plate_01318,plate_01318.npy
plate_00132,plate_00132.npy
plate_09826,plate_09826.npy
plate_02213,plate_02213.npy
plate_06347,plate_06347.npy
plate_09578,plate_09578.npy
plate_01487,plate_01487.npy
plate_08592,plate_08592.npy
plate_09220,plate_09220.npy
plate_03234,plate_03234.npy
plate_03632,plate_03632.npy
plate_00705,plate_00705.npy
plate_06553,plate_06553.npy
plate_00190,plate_00190.npy
plate_06876,plate_06876.npy
plate_07966,plate_07966.npy
plate_08672,plate_08672.npy
plate_03359,plate_03359.npy
plate_03984,plate_03984.npy
plate_04898,plate_04898.npy
plate_00018,plate_00018.npy
plate_08169,plate_08169.npy
plate_06626,plate_06626.npy
plate_09960,plate_09960.npy
plate_07681,plate_07681.npy
plate_07071,plate_07071.npy
plate_05571,plate_05571.npy
plate_05044,plate_05044.npy
plate_03340,plate_03340.npy
plate_00170,plate_00170.npy
plate_06452,plate_06452.npy
plate_06666,plate_06666.npy
plate_07658,plate_07658.npy
plate_07337,plate_07337.npy
plate_04938,plate_04938.npy
plate_01230,plate_01230.npy
plate_07519,plate_07519.npy
plate_07116,plate_07116.npy
plate_03438,plate_03438.npy
plate_09636,plate_09636.npy
plate_08309,plate_08309.npy
plate_06270,plate_06270.npy
plate_03331,plate_03331.npy
plate_07492,plate_07492.npy
plate_09728,plate_09728.npy
plate_03526,plate_03526.npy
plate_04497,plate_04497.npy
plate_01634,plate_01634.npy
plate_00299,plate_00299.npy
plate_09929,plate_09929.npy
plate_04611,plate_04611.npy
plate_07605,plate_07605.npy
plate_04856,plate_04856.npy
plate_01542,plate_01542.npy
plate_09173,plate_09173.npy
plate_04860,plate_04860.npy
plate_04286,plate_04286.npy
plate_02881,plate_02881.npy
plate_05915,plate_05915.npy
plate_02244,plate_02244.npy
plate_09373,plate_09373.npy
plate_09399,plate_09399.npy
plate_07933,plate_07933.npy
plate_07303,plate_07303.npy
plate_01182,plate_01182.npy
plate_03883,plate_03883.npy
plate_06800,plate_06800.npy
plate_07964,plate_07964.npy
plate_01223,plate_01223.npy
plate_02763,plate_02763.npy
plate_08275,plate_08275.npy
plate_05001,plate_05001.npy
plate_01000,plate_01000.npy
plate_04836,plate_04836.npy
plate_02048,plate_02048.npy
plate_09942,plate_09942.npy
plate_02254,plate_02254.npy
plate_01799,plate_01799.npy
plate_01292,plate_01292.npy
plate_01010,plate_01010.npy
plate_00050,plate_00050.npy
plate_09705,plate_09705.npy
plate_00806,plate_00806.npy
plate_04181,plate_04181.npy
plate_02752,plate_02752.npy
plate_06036,plate_06036.npy
plate_02442,plate_02442.npy
plate_08586,plate_08586.npy
plate_09756,plate_09756.npy
plate_08929,plate_08929.npy
plate_09160,plate_09160.npy
plate_00156,plate_00156.npy
plate_08545,plate_08545.npy
plate_09762,plate_09762.npy
plate_03737,plate_03737.npy
plate_07342,plate_07342.npy
plate_03069,plate_03069.npy
plate_04047,plate_04047.npy
plate_03488,plate_03488.npy
plate_03944,plate_03944.npy
plate_01521,plate_01521.npy
plate_09859,plate_09859.npy
plate_02099,plate_02099.npy
plate_08284,plate_08284.npy
plate_09557,plate_09557.npy
plate_00551,plate_00551.npy
plate_01177,plate_01177.npy
plate_05179,plate_05179.npy
plate_05223,plate_05223.npy
plate_05225,plate_05225.npy
plate_03687,plate_03687.npy
plate_08320,plate_08320.npy
plate_06368,plate_06368.npy
plate_06669,plate_06669.npy
plate_01861,plate_01861.npy
plate_04366,plate_04366.npy
plate_05814,plate_05814.npy
plate_04219,plate_04219.npy
plate_06233,plate_06233.npy
plate_09894,plate_09894.npy
plate_02523,plate_02523.npy
plate_04812,plate_04812.npy
plate_01081,plate_01081.npy
plate_06661,plate_06661.npy
plate_06730,plate_06730.npy
plate_09117,plate_09117.npy
plate_01281,plate_01281.npy
plate_09993,plate_09993.npy
plate_06519,plate_06519.npy
plate_05053,plate_05053.npy
plate_04771,plate_04771.npy
plate_04712,plate_04712.npy
plate_06784,plate_06784.npy
plate_04499,plate_04499.npy
plate_08306,plate_08306.npy
plate_06733,plate_06733.npy
plate_00314,plate_00314.npy
plate_09973,plate_09973.npy
plate_04296,plate_04296.npy
plate_00472,plate_00472.npy
plate_02009,plate_02009.npy
plate_03513,plate_03513.npy
plate_06210,plate_06210.npy
plate_07749,plate_07749.npy
plate_00836,plate_00836.npy
plate_05800,plate_05800.npy
plate_07969,plate_07969.npy
plate_00851,plate_00851.npy
plate_09188,plate_09188.npy
plate_00572,plate_00572.npy
plate_04883,plate_04883.npy
plate_04677,plate_04677.npy
plate_01756,plate_01756.npy
plate_00764,plate_00764.npy
plate_03881,plate_03881.npy
plate_03176,plate_03176.npy
plate_06413,plate_06413.npy
plate_06851,plate_06851.npy
plate_09965,plate_09965.npy
plate_03709,plate_03709.npy
plate_01079,plate_01079.npy
plate_01499,plate_01499.npy
plate_00579,plate_00579.npy
plate_05313,plate_05313.npy
plate_01238,plate_01238.npy
plate_07550,plate_07550.npy
plate_00165,plate_00165.npy
plate_04768,plate_04768.npy
plate_04185,plate_04185.npy
plate_00236,plate_00236.npy
plate_04596,plate_04596.npy
plate_06687,plate_06687.npy
plate_02024,plate_02024.npy
plate_04715,plate_04715.npy
plate_09388,plate_09388.npy
plate_07957,plate_07957.npy
plate_08188,plate_08188.npy
plate_08133,plate_08133.npy
plate_03238,plate_03238.npy
plate_09166,plate_09166.npy
plate_05906,plate_05906.npy
plate_00785,plate_00785.npy
plate_07878,plate_07878.npy
plate_03310,plate_03310.npy
plate_04636,plate_04636.npy
plate_07730,plate_07730.npy
plate_00694,plate_00694.npy
plate_06475,plate_06475.npy
plate_08463,plate_08463.npy
plate_06141,plate_06141.npy
plate_07696,plate_07696.npy
plate_06834,plate_06834.npy
plate_09413,plate_09413.npy
plate_04132,plate_04132.npy
plate_00277,plate_00277.npy
plate_03126,plate_03126.npy
plate_00180,plate_00180.npy
plate_01723,plate_01723.npy
plate_01217,plate_01217.npy
plate_08926,plate_08926.npy
plate_01448,plate_01448.npy
plate_00157,plate_00157.npy
plate_08310,plate_08310.npy
plate_05578,plate_05578.npy
plate_03656,plate_03656.npy
plate_00410,plate_00410.npy
plate_00338,plate_00338.npy
plate_06188,plate_06188.npy
plate_00547,plate_00547.npy
plate_03776,plate_03776.npy
plate_01393,plate_01393.npy
plate_00074,plate_00074.npy
plate_03597,plate_03597.npy
plate_03358,plate_03358.npy
plate_07480,plate_07480.npy
plate_07639,plate_07639.npy
plate_02948,plate_02948.npy
plate_06131,plate_06131.npy
plate_07816,plate_07816.npy
plate_09100,plate_09100.npy
plate_06796,plate_06796.npy
plate_06201,plate_06201.npy
plate_00986,plate_00986.npy
plate_04931,plate_04931.npy
plate_08361,plate_08361.npy
plate_05570,plate_05570.npy
plate_09777,plate_09777.npy
plate_04502,plate_04502.npy
plate_03980,plate_03980.npy
plate_07067,plate_07067.npy
plate_07905,plate_07905.npy
plate_01118,plate_01118.npy
plate_08357,plate_08357.npy
plate_04921,plate_04921.npy
plate_00549,plate_00549.npy
plate_04313,plate_04313.npy
plate_08800,plate_08800.npy
plate_04449,plate_04449.npy
plate_05030,plate_05030.npy
plate_05389,plate_05389.npy
plate_02766,plate_02766.npy
plate_00639,plate_00639.npy
plate_01368,plate_01368.npy
plate_06199,plate_06199.npy
plate_07135,plate_07135.npy
plate_05061,plate_05061.npy
plate_03478,plate_03478.npy
plate_05018,plate_05018.npy
plate_03742,plate_03742.npy
plate_05690,plate_05690.npy
plate_08829,plate_08829.npy
plate_02697,plate_02697.npy
plate_08058,plate_08058.npy
plate_03898,plate_03898.npy
plate_02100,plate_02100.npy
plate_00901,plate_00901.npy
plate_09869,plate_09869.npy
plate_05921,plate_05921.npy
plate_02259,plate_02259.npy
plate_03487,plate_03487.npy
plate_04163,plate_04163.npy
plate_00189,plate_00189.npy
plate_06152,plate_06152.npy
plate_08333,plate_08333.npy
plate_06234,plate_06234.npy
plate_01549,plate_01549.npy
plate_08558,plate_08558.npy
plate_04576,plate_04576.npy
plate_06868,plate_06868.npy
plate_04572,plate_04572.npy
plate_07656,plate_07656.npy
plate_08828,plate_08828.npy
plate_04023,plate_04023.npy
plate_07060,plate_07060.npy
plate_05708,plate_05708.npy
plate_07592,plate_07592.npy
plate_02952,plate_02952.npy
plate_06055,plate_06055.npy
plate_02726,plate_02726.npy
plate_08234,plate_08234.npy
plate_06214,plate_06214.npy
plate_05072,plate_05072.npy
plate_06946,plate_06946.npy
plate_09523,plate_09523.npy
plate_02848,plate_02848.npy
plate_02310,plate_02310.npy
plate_08226,plate_08226.npy
plate_07260,plate_07260.npy
plate_07708,plate_07708.npy
plate_06642,plate_06642.npy
plate_04318,plate_04318.npy
plate_03209,plate_03209.npy
plate_06460,plate_06460.npy
plate_01337,plate_01337.npy
plate_01798,plate_01798.npy
plate_00082,plate_00082.npy
plate_00070,plate_00070.npy
plate_05138,plate_05138.npy
plate_09438,plate_09438.npy
plate_06821,plate_06821.npy
plate_03507,plate_03507.npy
plate_03714,plate_03714.npy
plate_09326,plate_09326.npy
plate_09554,plate_09554.npy
plate_07704,plate_07704.npy
plate_08136,plate_08136.npy
plate_05184,plate_05184.npy
plate_07439,plate_07439.npy
plate_03829,plate_03829.npy
plate_02296,plate_02296.npy
plate_09976,plate_09976.npy
plate_07130,plate_07130.npy
plate_06158,plate_06158.npy
plate_03929,plate_03929.npy
plate_02947,plate_02947.npy
plate_06205,plate_06205.npy
plate_02266,plate_02266.npy
plate_04844,plate_04844.npy
plate_03535,plate_03535.npy
plate_05033,plate_05033.npy
plate_06222,plate_06222.npy
plate_05974,plate_05974.npy
plate_04089,plate_04089.npy
plate_06244,plate_06244.npy
plate_02233,plate_02233.npy
plate_02118,plate_02118.npy
plate_06139,plate_06139.npy
plate_06715,plate_06715.npy
plate_04369,plate_04369.npy
plate_06865,plate_06865.npy
plate_09579,plate_09579.npy
plate_07591,plate_07591.npy
plate_04635,plate_04635.npy
plate_04034,plate_04034.npy
plate_09289,plate_09289.npy
plate_05856,plate_05856.npy
plate_01790,plate_01790.npy
plate_02774,plate_02774.npy
plate_07766,plate_07766.npy
plate_08454,plate_08454.npy
plate_03112,plate_03112.npy
plate_01553,plate_01553.npy
plate_06972,plate_06972.npy
plate_07463,plate_07463.npy
plate_07919,plate_07919.npy
plate_03469,plate_03469.npy
plate_00311,plate_00311.npy
plate_03260,plate_03260.npy
plate_00530,plate_00530.npy
plate_02334,plate_02334.npy
plate_02468,plate_02468.npy
plate_06396,plate_06396.npy
plate_07522,plate_07522.npy
plate_08126,plate_08126.npy
plate_09833,plate_09833.npy
plate_01404,plate_01404.npy
plate_02153,plate_02153.npy
plate_07434,plate_07434.npy
plate_06532,plate_06532.npy
plate_02761,plate_02761.npy
plate_04796,plate_04796.npy
plate_01912,plate_01912.npy
plate_04186,plate_04186.npy
plate_01048,plate_01048.npy
plate_08032,plate_08032.npy
plate_01687,plate_01687.npy
plate_09839,plate_09839.npy
plate_04835,plate_04835.npy
plate_01331,plate_01331.npy
plate_07740,plate_07740.npy
plate_09189,plate_09189.npy
plate_08160,plate_08160.npy
plate_06656,plate_06656.npy
plate_07317,plate_07317.npy
plate_08941,plate_08941.npy
plate_06179,plate_06179.npy
plate_07664,plate_07664.npy
plate_03958,plate_03958.npy
plate_06236,plate_06236.npy
plate_04791,plate_04791.npy
plate_08081,plate_08081.npy
plate_07688,plate_07688.npy
plate_06982,plate_06982.npy
plate_05166,plate_05166.npy
plate_04391,plate_04391.npy
plate_08846,plate_08846.npy
plate_07891,plate_07891.npy
plate_02552,plate_02552.npy
plate_07932,plate_07932.npy
plate_07097,plate_07097.npy
plate_08621,plate_08621.npy
plate_08472,plate_08472.npy
plate_05632,plate_05632.npy
plate_09337,plate_09337.npy
plate_05914,plate_05914.npy
plate_01561,plate_01561.npy
plate_09632,plate_09632.npy
plate_05247,plate_05247.npy
plate_06959,plate_06959.npy
plate_08923,plate_08923.npy
plate_06002,plate_06002.npy
plate_06137,plate_06137.npy
plate_06979,plate_06979.npy
plate_03670,plate_03670.npy
plate_09576,plate_09576.npy
plate_07022,plate_07022.npy
plate_08093,plate_08093.npy
plate_00747,plate_00747.npy
plate_04997,plate_04997.npy
plate_05804,plate_05804.npy
plate_02725,plate_02725.npy
plate_00499,plate_00499.npy
plate_08962,plate_08962.npy
plate_01613,plate_01613.npy
plate_04755,plate_04755.npy
plate_05334,plate_05334.npy
plate_02112,plate_02112.npy
plate_07166,plate_07166.npy
plate_06515,plate_06515.npy
plate_07649,plate_07649.npy
plate_03510,plate_03510.npy
plate_04864,plate_04864.npy
plate_04463,plate_04463.npy
plate_01588,plate_01588.npy
plate_08070,plate_08070.npy
plate_05511,plate_05511.npy
plate_06901,plate_06901.npy
plate_03265,plate_03265.npy
plate_09243,plate_09243.npy
plate_04692,plate_04692.npy
plate_05517,plate_05517.npy
plate_07387,plate_07387.npy
plate_04590,plate_04590.npy
plate_04940,plate_04940.npy
plate_01049,plate_01049.npy
plate_06130,plate_06130.npy
plate_04930,plate_04930.npy
plate_03518,plate_03518.npy
plate_00294,plate_00294.npy
plate_02412,plate_02412.npy
plate_02240,plate_02240.npy
plate_09180,plate_09180.npy
plate_05985,plate_05985.npy
plate_03032,plate_03032.npy
plate_04714,plate_04714.npy
plate_04010,plate_04010.npy
plate_04535,plate_04535.npy
plate_00320,plate_00320.npy
plate_00582,plate_00582.npy
plate_09807,plate_09807.npy
plate_05354,plate_05354.npy
plate_08705,plate_08705.npy
plate_04553,plate_04553.npy
plate_03606,plate_03606.npy
plate_02672,plate_02672.npy
plate_05858,plate_05858.npy
plate_04179,plate_04179.npy
plate_00145,plate_00145.npy
plate_05356,plate_05356.npy
plate_06146,plate_06146.npy
plate_00915,plate_00915.npy
plate_00775,plate_00775.npy
plate_04693,plate_04693.npy
plate_07565,plate_07565.npy
plate_00940,plate_00940.npy
plate_06037,plate_06037.npy
plate_01488,plate_01488.npy
plate_02701,plate_02701.npy
plate_02920,plate_02920.npy
plate_00706,plate_00706.npy
plate_00221,plate_00221.npy
plate_00360,plate_00360.npy
plate_06000,plate_06000.npy
plate_07159,plate_07159.npy
plate_05465,plate_05465.npy
plate_03603,plate_03603.npy
plate_06890,plate_06890.npy
plate_09055,plate_09055.npy
plate_09737,plate_09737.npy
plate_06709,plate_06709.npy
plate_05424,plate_05424.npy
plate_03528,plate_03528.npy
plate_01612,plate_01612.npy
plate_05908,plate_05908.npy
plate_07948,plate_07948.npy
plate_06585,plate_06585.npy
plate_00683,plate_00683.npy
plate_01821,plate_01821.npy
plate_00045,plate_00045.npy
plate_02841,plate_02841.npy
plate_07368,plate_07368.npy
plate_06912,plate_06912.npy
plate_04027,plate_04027.npy
plate_06090,plate_06090.npy
plate_06593,plate_06593.npy
plate_02178,plate_02178.npy
plate_06671,plate_06671.npy
plate_05714,plate_05714.npy
plate_03074,plate_03074.npy
plate_06407,plate_06407.npy
plate_07975,plate_07975.npy
plate_08645,plate_08645.npy
plate_05822,plate_05822.npy
plate_05588,plate_05588.npy
plate_00589,plate_00589.npy
plate_04128,plate_04128.npy
plate_04471,plate_04471.npy
plate_06575,plate_06575.npy
plate_02223,plate_02223.npy
plate_03133,plate_03133.npy
plate_00539,plate_00539.npy
plate_00812,plate_00812.npy
plate_01347,plate_01347.npy
plate_01816,plate_01816.npy
plate_02109,plate_02109.npy
plate_01312,plate_01312.npy
plate_08274,plate_08274.npy
plate_01065,plate_01065.npy
plate_07360,plate_07360.npy
plate_00081,plate_00081.npy
plate_00962,plate_00962.npy
plate_06622,plate_06622.npy
plate_08048,plate_08048.npy
plate_06700,plate_06700.npy
plate_04334,plate_04334.npy
plate_01421,plate_01421.npy
plate_06238,plate_06238.npy
plate_04262,plate_04262.npy
plate_02020,plate_02020.npy
plate_06402,plate_06402.npy
plate_09375,plate_09375.npy
plate_06070,plate_06070.npy
plate_06253,plate_06253.npy
plate_04681,plate_04681.npy
plate_07741,plate_07741.npy
plate_02824,plate_02824.npy
plate_08014,plate_08014.npy
plate_09526,plate_09526.npy
plate_03496,plate_03496.npy
plate_06313,plate_06313.npy
plate_07745,plate_07745.npy
plate_07151,plate_07151.npy
plate_00411,plate_00411.npy
plate_05164,plate_05164.npy
plate_06490,plate_06490.npy
plate_07453,plate_07453.npy
plate_02964,plate_02964.npy
plate_05996,plate_05996.npy
plate_06629,plate_06629.npy
plate_07574,plate_07574.npy
plate_01692,plate_01692.npy
plate_05826,plate_05826.npy
plate_05950,plate_05950.npy
plate_01128,plate_01128.npy
plate_03240,plate_03240.npy
plate_08508,plate_08508.npy
plate_09716,plate_09716.npy
plate_03285,plate_03285.npy
plate_09623,plate_09623.npy
plate_03779,plate_03779.npy
plate_09561,plate_09561.npy
plate_02238,plate_02238.npy
plate_02200,plate_02200.npy
plate_05363,plate_05363.npy
plate_09335,plate_09335.npy
plate_05123,plate_05123.npy
plate_06742,plate_06742.npy
plate_08000,plate_08000.npy
plate_07587,plate_07587.npy
plate_00544,plate_00544.npy
plate_08818,plate_08818.npy
plate_03284,plate_03284.npy
plate_06663,plate_06663.npy
plate_01420,plate_01420.npy
plate_03244,plate_03244.npy
plate_07339,plate_07339.npy
plate_03036,plate_03036.npy
plate_07861,plate_07861.npy
plate_07460,plate_07460.npy
plate_01839,plate_01839.npy
plate_02559,plate_02559.npy
plate_02277,plate_02277.npy
plate_03685,plate_03685.npy
plate_07651,plate_07651.npy
plate_05807,plate_05807.npy
plate_09818,plate_09818.npy
plate_03859,plate_03859.npy
plate_04196,plate_04196.npy
plate_03053,plate_03053.npy
plate_03178,plate_03178.npy
plate_04814,plate_04814.npy
plate_07876,plate_07876.npy
plate_04514,plate_04514.npy
plate_09024,plate_09024.npy
plate_07105,plate_07105.npy
plate_01385,plate_01385.npy
plate_07291,plate_07291.npy
plate_08913,plate_08913.npy
plate_00064,plate_00064.npy
plate_07809,plate_07809.npy
plate_08541,plate_08541.npy
plate_00379,plate_00379.npy
plate_06500,plate_06500.npy
plate_03947,plate_03947.npy
plate_01570,plate_01570.npy
plate_07769,plate_07769.npy
plate_02378,plate_02378.npy
plate_08650,plate_08650.npy
plate_04456,plate_04456.npy
plate_06989,plate_06989.npy
plate_04380,plate_04380.npy
plate_05939,plate_05939.npy
plate_05419,plate_05419.npy
plate_09306,plate_09306.npy
plate_05864,plate_05864.npy
plate_07201,plate_07201.npy
plate_05619,plate_05619.npy
plate_01220,plate_01220.npy
plate_01693,plate_01693.npy
plate_00569,plate_00569.npy
plate_08341,plate_08341.npy
plate_07662,plate_07662.npy
plate_01314,plate_01314.npy
plate_08843,plate_08843.npy
plate_09051,plate_09051.npy
plate_08087,plate_08087.npy
plate_09167,plate_09167.npy
plate_01106,plate_01106.npy
plate_03135,plate_03135.npy
plate_01042,plate_01042.npy
plate_08802,plate_08802.npy
plate_00220,plate_00220.npy
plate_04989,plate_04989.npy
plate_08078,plate_08078.npy
plate_09164,plate_09164.npy
plate_05924,plate_05924.npy
plate_07698,plate_07698.npy
plate_02835,plate_02835.npy
plate_05304,plate_05304.npy
plate_00481,plate_00481.npy
plate_05088,plate_05088.npy
plate_06180,plate_06180.npy
plate_01374,plate_01374.npy
plate_03456,plate_03456.npy
plate_04295,plate_04295.npy
plate_02328,plate_02328.npy
plate_03031,plate_03031.npy
plate_00443,plate_00443.npy
plate_09596,plate_09596.npy
plate_01176,plate_01176.npy
plate_06633,plate_06633.npy
plate_03876,plate_03876.npy
plate_01426,plate_01426.npy
plate_01698,plate_01698.npy
plate_02756,plate_02756.npy
plate_00437,plate_00437.npy
plate_03391,plate_03391.npy
plate_09896,plate_09896.npy
plate_09862,plate_09862.npy
plate_03305,plate_03305.npy
plate_08683,plate_08683.npy
plate_07341,plate_07341.npy
plate_02655,plate_02655.npy
plate_08021,plate_08021.npy
plate_04687,plate_04687.npy
plate_01343,plate_01343.npy
plate_06303,plate_06303.npy
plate_08776,plate_08776.npy
plate_08066,plate_08066.npy
plate_05665,plate_05665.npy
plate_02181,plate_02181.npy
plate_05574,plate_05574.npy
plate_01100,plate_01100.npy
plate_04414,plate_04414.npy
plate_06011,plate_06011.npy
plate_07763,plate_07763.npy
plate_04501,plate_04501.npy
plate_01764,plate_01764.npy
plate_08999,plate_08999.npy
plate_08648,plate_08648.npy
plate_00400,plate_00400.npy
plate_07322,plate_07322.npy
plate_08391,plate_08391.npy
plate_00035,plate_00035.npy
plate_00982,plate_00982.npy
plate_05066,plate_05066.npy
plate_04030,plate_04030.npy
plate_09774,plate_09774.npy
plate_02305,plate_02305.npy
plate_05040,plate_05040.npy
plate_01308,plate_01308.npy
plate_04823,plate_04823.npy
plate_06735,plate_06735.npy
plate_00428,plate_00428.npy
plate_05654,plate_05654.npy
plate_07544,plate_07544.npy
plate_09476,plate_09476.npy
plate_03855,plate_03855.npy
plate_09081,plate_09081.npy
plate_06118,plate_06118.npy
plate_09119,plate_09119.npy
plate_02199,plate_02199.npy
plate_06852,plate_06852.npy
plate_00154,plate_00154.npy
plate_09400,plate_09400.npy
plate_09588,plate_09588.npy
plate_01381,plate_01381.npy
plate_07839,plate_07839.npy
plate_00571,plate_00571.npy
plate_05311,plate_05311.npy
plate_06227,plate_06227.npy
plate_04538,plate_04538.npy
plate_02717,plate_02717.npy
plate_04673,plate_04673.npy
plate_07183,plate_07183.npy
plate_05478,plate_05478.npy
plate_02832,plate_02832.npy
plate_03827,plate_03827.npy
plate_02246,plate_02246.npy
plate_02682,plate_02682.npy
plate_03155,plate_03155.npy
plate_07128,plate_07128.npy
plate_04384,plate_04384.npy
plate_06365,plate_06365.npy
plate_00727,plate_00727.npy
plate_07046,plate_07046.npy
plate_09761,plate_09761.npy
plate_05222,plate_05222.npy
plate_00975,plate_00975.npy
plate_02561,plate_02561.npy
plate_01669,plate_01669.npy
plate_06635,plate_06635.npy
plate_04764,plate_04764.npy
plate_08977,plate_08977.npy
plate_05466,plate_05466.npy
plate_02463,plate_02463.npy
plate_09794,plate_09794.npy
plate_07706,plate_07706.npy
plate_02516,plate_02516.npy
plate_01900,plate_01900.npy
plate_00298,plate_00298.npy
plate_02950,plate_02950.npy
plate_00518,plate_00518.npy
plate_04602,plate_04602.npy
plate_06331,plate_06331.npy
plate_06080,plate_06080.npy
plate_08033,plate_08033.npy
plate_00661,plate_00661.npy
plate_07845,plate_07845.npy
plate_02670,plate_02670.npy
plate_00011,plate_00011.npy
plate_00121,plate_00121.npy
plate_03769,plate_03769.npy
plate_07197,plate_07197.npy
plate_04466,plate_04466.npy
plate_07028,plate_07028.npy
plate_08989,plate_08989.npy
plate_06936,plate_06936.npy
plate_05890,plate_05890.npy
plate_00375,plate_00375.npy
plate_04305,plate_04305.npy
plate_06674,plate_06674.npy
plate_04545,plate_04545.npy
plate_09391,plate_09391.npy
plate_09078,plate_09078.npy
plate_09590,plate_09590.npy
plate_06611,plate_06611.npy
plate_09111,plate_09111.npy
plate_00243,plate_00243.npy
plate_06305,plate_06305.npy
plate_08581,plate_08581.npy
plate_05779,plate_05779.npy
plate_01362,plate_01362.npy
plate_08596,plate_08596.npy
plate_02010,plate_02010.npy
plate_08256,plate_08256.npy
plate_00355,plate_00355.npy
plate_00362,plate_00362.npy
plate_02362,plate_02362.npy
plate_00084,plate_00084.npy
plate_08435,plate_08435.npy
plate_06843,plate_06843.npy
plate_09056,plate_09056.npy
plate_04372,plate_04372.npy
plate_07301,plate_07301.npy
plate_03697,plate_03697.npy
plate_09288,plate_09288.npy
plate_00696,plate_00696.npy
plate_00510,plate_00510.npy
plate_02720,plate_02720.npy
plate_09452,plate_09452.npy
plate_05477,plate_05477.npy
plate_04447,plate_04447.npy
plate_06420,plate_06420.npy
plate_05774,plate_05774.npy
plate_07661,plate_07661.npy
plate_01788,plate_01788.npy
plate_03329,plate_03329.npy
plate_08073,plate_08073.npy
plate_01279,plate_01279.npy
plate_04375,plate_04375.npy
plate_01573,plate_01573.npy
plate_09979,plate_09979.npy
plate_08265,plate_08265.npy
plate_09411,plate_09411.npy
plate_09255,plate_09255.npy
plate_09545,plate_09545.npy
plate_05058,plate_05058.npy
plate_05922,plate_05922.npy
plate_05854,plate_05854.npy
plate_04464,plate_04464.npy
plate_07751,plate_07751.npy
plate_08157,plate_08157.npy
plate_03720,plate_03720.npy
plate_03409,plate_03409.npy
plate_09273,plate_09273.npy
plate_02486,plate_02486.npy
plate_02584,plate_02584.npy
plate_00026,plate_00026.npy
plate_08566,plate_08566.npy
plate_08144,plate_08144.npy
plate_09824,plate_09824.npy
plate_02273,plate_02273.npy
plate_01146,plate_01146.npy
plate_01403,plate_01403.npy
plate_08004,plate_08004.npy
plate_01414,plate_01414.npy
plate_09197,plate_09197.npy
plate_01406,plate_01406.npy
plate_00832,plate_00832.npy
plate_00575,plate_00575.npy
plate_09710,plate_09710.npy
plate_05825,plate_05825.npy
plate_02586,plate_02586.npy
plate_02996,plate_02996.npy
plate_07622,plate_07622.npy
plate_03719,plate_03719.npy
plate_01984,plate_01984.npy
plate_06670,plate_06670.npy
plate_08459,plate_08459.npy
plate_09934,plate_09934.npy
plate_02456,plate_02456.npy
plate_01872,plate_01872.npy
plate_00271,plate_00271.npy
plate_05007,plate_05007.npy
plate_01150,plate_01150.npy
plate_08627,plate_08627.npy
plate_02609,plate_02609.npy
plate_00354,plate_00354.npy
plate_00219,plate_00219.npy
plate_02429,plate_02429.npy
plate_04709,plate_04709.npy
plate_04009,plate_04009.npy
plate_06509,plate_06509.npy
plate_03383,plate_03383.npy
plate_00397,plate_00397.npy
plate_00825,plate_00825.npy
plate_07570,plate_07570.npy
plate_02216,plate_02216.npy
plate_02128,plate_02128.npy
plate_02341,plate_02341.npy
plate_03860,plate_03860.npy
plate_00352,plate_00352.npy
plate_05903,plate_05903.npy
plate_00889,plate_00889.npy
plate_09560,plate_09560.npy
plate_07192,plate_07192.npy
plate_07292,plate_07292.npy
plate_01743,plate_01743.npy
plate_04157,plate_04157.npy
plate_09021,plate_09021.npy
plate_06854,plate_06854.npy
plate_02719,plate_02719.npy
plate_09525,plate_09525.npy
plate_00911,plate_00911.npy
plate_00090,plate_00090.npy
plate_08116,plate_08116.npy
plate_03838,plate_03838.npy
plate_09529,plate_09529.npy
plate_02729,plate_02729.npy
plate_09506,plate_09506.npy
plate_05583,plate_05583.npy
plate_04301,plate_04301.npy
plate_01327,plate_01327.npy
plate_02422,plate_02422.npy
plate_02599,plate_02599.npy
plate_01387,plate_01387.npy
plate_00222,plate_00222.npy
plate_04265,plate_04265.npy
plate_09612,plate_09612.npy
plate_02382,plate_02382.npy
plate_04824,plate_04824.npy
plate_01196,plate_01196.npy
plate_03912,plate_03912.npy
plate_01508,plate_01508.npy
plate_03869,plate_03869.npy
plate_01235,plate_01235.npy
plate_00425,plate_00425.npy
plate_02304,plate_02304.npy
plate_00926,plate_00926.npy
plate_07149,plate_07149.npy
plate_04651,plate_04651.npy
plate_04942,plate_04942.npy
plate_05300,plate_05300.npy
plate_02865,plate_02865.npy
plate_08478,plate_08478.npy
plate_09738,plate_09738.npy
plate_02765,plate_02765.npy
plate_01516,plate_01516.npy
plate_00372,plate_00372.npy
plate_04839,plate_04839.npy
plate_05634,plate_05634.npy
plate_02736,plate_02736.npy
plate_05494,plate_05494.npy
plate_03514,plate_03514.npy
plate_04873,plate_04873.npy
plate_09035,plate_09035.npy
plate_04879,plate_04879.npy
plate_04566,plate_04566.npy
plate_05331,plate_05331.npy
plate_06996,plate_06996.npy
plate_08819,plate_08819.npy
plate_00125,plate_00125.npy
plate_05116,plate_05116.npy
plate_00383,plate_00383.npy
plate_07393,plate_07393.npy
plate_08343,plate_08343.npy
plate_07862,plate_07862.npy
plate_06299,plate_06299.npy
plate_09827,plate_09827.npy
plate_05437,plate_05437.npy
plate_07102,plate_07102.npy
plate_09876,plate_09876.npy
plate_02089,plate_02089.npy
plate_03941,plate_03941.npy
plate_07267,plate_07267.npy
plate_01490,plate_01490.npy
plate_07739,plate_07739.npy
plate_09961,plate_09961.npy
plate_01322,plate_01322.npy
plate_06508,plate_06508.npy
plate_05135,plate_05135.npy
plate_07923,plate_07923.npy
plate_03757,plate_03757.npy
plate_05537,plate_05537.npy
plate_08008,plate_08008.npy
plate_08449,plate_08449.npy
plate_03480,plate_03480.npy
plate_04392,plate_04392.npy
plate_03313,plate_03313.npy
plate_00287,plate_00287.npy
plate_09955,plate_09955.npy
plate_03274,plate_03274.npy
plate_06637,plate_06637.npy
plate_03321,plate_03321.npy
plate_09820,plate_09820.npy
plate_04280,plate_04280.npy
plate_03642,plate_03642.npy
plate_03226,plate_03226.npy
plate_09301,plate_09301.npy
plate_04008,plate_04008.npy
plate_06349,plate_06349.npy
plate_09040,plate_09040.npy
plate_02138,plate_02138.npy
plate_02095,plate_02095.npy
plate_08526,plate_08526.npy
plate_04383,plate_04383.npy
plate_01297,plate_01297.npy
plate_08663,plate_08663.npy
plate_05760,plate_05760.npy
plate_08532,plate_08532.npy
plate_09159,plate_09159.npy
plate_03946,plate_03946.npy
plate_08135,plate_08135.npy
plate_05720,plate_05720.npy
plate_05885,plate_05885.npy
plate_07526,plate_07526.npy
plate_04799,plate_04799.npy
plate_00207,plate_00207.npy
plate_03231,plate_03231.npy
plate_08457,plate_08457.npy
plate_05923,plate_05923.npy
plate_07714,plate_07714.npy
plate_04345,plate_04345.npy
plate_02318,plate_02318.npy
plate_07736,plate_07736.npy
plate_09259,plate_09259.npy
plate_08920,plate_08920.npy
plate_06433,plate_06433.npy
plate_09454,plate_09454.npy
plate_08071,plate_08071.npy
plate_09891,plate_09891.npy
plate_01639,plate_01639.npy
plate_04850,plate_04850.npy
plate_06844,plate_06844.npy
plate_03131,plate_03131.npy
plate_03336,plate_03336.npy
plate_09628,plate_09628.npy
plate_01195,plate_01195.npy
plate_06198,plate_06198.npy
plate_01621,plate_01621.npy
plate_05443,plate_05443.npy
plate_00951,plate_00951.npy
plate_06143,plate_06143.npy
plate_02923,plate_02923.npy
plate_01089,plate_01089.npy
plate_06824,plate_06824.npy
plate_02802,plate_02802.npy
plate_02671,plate_02671.npy
plate_08817,plate_08817.npy
plate_03741,plate_03741.npy
plate_06542,plate_06542.npy
plate_02938,plate_02938.npy
plate_03508,plate_03508.npy
plate_03223,plate_03223.npy
plate_00047,plate_00047.npy
plate_02547,plate_02547.npy
plate_06658,plate_06658.npy
plate_03834,plate_03834.npy
plate_06078,plate_06078.npy
plate_08554,plate_08554.npy
plate_07926,plate_07926.npy
plate_05806,plate_05806.npy
plate_06856,plate_06856.npy
plate_02976,plate_02976.npy
plate_01323,plate_01323.npy
plate_06693,plate_06693.npy
plate_00255,plate_00255.npy
plate_06023,plate_06023.npy
plate_06638,plate_06638.npy
plate_07406,plate_07406.npy
plate_06714,plate_06714.npy
plate_00887,plate_00887.npy
plate_01801,plate_01801.npy
plate_04359,plate_04359.npy
plate_02085,plate_02085.npy
plate_07134,plate_07134.npy
plate_04573,plate_04573.npy
plate_05497,plate_05497.npy
plate_03145,plate_03145.npy
plate_00927,plate_00927.npy
plate_00681,plate_00681.npy
plate_06787,plate_06787.npy
plate_02573,plate_02573.npy
plate_08987,plate_08987.npy
plate_04842,plate_04842.npy
plate_00016,plate_00016.npy
plate_05260,plate_05260.npy
plate_06896,plate_06896.npy
plate_05462,plate_05462.npy
plate_09886,plate_09886.npy
plate_05221,plate_05221.npy
plate_08932,plate_08932.npy
plate_05103,plate_05103.npy
plate_00390,plate_00390.npy
plate_01134,plate_01134.npy
plate_08261,plate_08261.npy
plate_06808,plate_06808.npy
plate_07539,plate_07539.npy
plate_09788,plate_09788.npy
plate_01032,plate_01032.npy
plate_05819,plate_05819.npy
plate_03448,plate_03448.npy
plate_07968,plate_07968.npy
plate_02652,plate_02652.npy
plate_09450,plate_09450.npy
plate_01651,plate_01651.npy
plate_03962,plate_03962.npy
plate_01075,plate_01075.npy
plate_05745,plate_05745.npy
plate_06837,plate_06837.npy
plate_06522,plate_06522.npy
plate_00682,plate_00682.npy
plate_07240,plate_07240.npy
plate_07398,plate_07398.npy
plate_04920,plate_04920.npy
plate_07156,plate_07156.npy
plate_09482,plate_09482.npy
plate_04328,plate_04328.npy
plate_09717,plate_09717.npy
plate_01535,plate_01535.npy
plate_01159,plate_01159.npy
plate_09364,plate_09364.npy
plate_05391,plate_05391.npy
plate_08216,plate_08216.npy
plate_03322,plate_03322.npy
plate_02626,plate_02626.npy
plate_08303,plate_08303.npy
plate_02324,plate_02324.npy
plate_06617,plate_06617.npy
plate_00858,plate_00858.npy
plate_03914,plate_03914.npy
plate_09345,plate_09345.npy
plate_05415,plate_05415.npy
plate_00105,plate_00105.npy
plate_03012,plate_03012.npy
plate_01226,plate_01226.npy
